name,user_id
User01,ID2982
User02,ID4397
User03,ID5124
User04,ID2632
User05,ID3959
User06,ID6239
User07,ID9796
User08,ID8182
User09,ID8582
User10,ID5951
User11,ID8982
User12,ID7458
User13,ID6289
User14,ID1045
User15,ID6643
User16,ID9755
User17,ID2901
User18,ID9338
User19,ID4855
User20,ID2621
User21,ID5022
User22,ID8714
User23,ID4991
User24,ID2588
User25,ID8442
User26,ID8529
User27,ID4715
User28,ID1054
User29,ID1416
User30,ID5915
User31,ID2289
User32,ID7193
User33,ID2136
User34,ID9087
User35,ID6568
User36,ID6940
User37,ID9709
User38,ID4727
User39,ID8791
User40,ID6139
User41,ID9165
User42,ID2944
User43,ID6436
User44,ID8621
User45,ID7028
User46,ID8774
User47,ID2203
User48,ID6723
User49,ID9139
User50,ID6983
